# phpMyAdmin MySQL-Dump
# version 2.2.6
# http://phpwizard.net/phpMyAdmin/
# http://www.phpmyadmin.net/ (download page)
#
# Host: localhost
# Generation Time: Aug 28, 2002 at 11:20 AM
# Server version: 3.23.51
# PHP Version: 4.0.4
# Database : `tunein`

#
# Dumping data for table `artists`
#

INSERT INTO `artists` (`artist_id`, `artist_name`) VALUES (2, 'Ass Ponys'),
(9, 'Big Audio Dynamite II'),
(21, 'Björk'),
(19, 'David Byrne'),
(23, 'David Gray'),
(10, 'Ella Fitzgerald'),
(20, 'Everything But the Girl'),
(5, 'Five For Fighting'),
(15, 'Joe Jackson'),
(7, 'John Cale'),
(4, 'Kate Bush'),
(12, 'Lemonheads'),
(8, 'Lou Reed'),
(11, 'Louis Armstrong'),
(3, 'Macy Gray'),
(27, 'Maná'),
(17, 'Miguel Bose'),
(22, 'Moby'),
(18, 'Phish'),
(6, 'Pixies'),
(14, 'Soul Coughing'),
(16, 'Spain'),
(26, 'Stevie Nicks'),
(24, 'Sting'),
(13, 'Talking Heads'),
(25, 'Tom Waits'),
(1, 'Weezer');

#
# Dumping data for table `artists_events`
#

INSERT INTO `artists_events` (`artist_event_id`, `artist_id`, `event_id`) VALUES (1, 13, 1),
(2, 19, 1),
(3, 24, 1),
(4, 9, 1),
(5, 13, 2),
(6, 19, 2),
(7, 24, 2),
(8, 9, 2),
(9, 13, 3),
(10, 19, 3),
(11, 24, 3),
(12, 4, 3),
(13, 5, 4),
(14, 1, 4),
(15, 3, 4),
(16, 5, 5),
(17, 2, 5),
(18, 3, 5),
(19, 5, 6),
(20, 1, 6),
(21, 22, 6),
(22, 8, 7),
(23, 8, 8),
(24, 7, 9),
(25, 7, 10),
(26, 7, 11),
(27, 8, 9),
(28, 8, 10),
(29, 8, 11),
(30, 18, 12),
(31, 18, 13),
(32, 18, 14),
(33, 18, 15),
(34, 15, 16),
(35, 15, 17),
(36, 15, 18),
(37, 15, 19),
(38, 21, 20),
(39, 21, 21),
(40, 21, 22),
(41, 6, 20),
(42, 6, 21),
(43, 6, 22),
(44, 12, 23),
(45, 12, 24),
(46, 12, 25),
(47, 1, 23),
(48, 1, 25),
(49, 14, 24);

#
# Dumping data for table `carts`
#

INSERT INTO `carts` (`cart_id`, `session_id`, `item_type_id`, `product_code_or_event_id`, `quantity`) VALUES (1, '72e85c970adb09c03f369ecc97559ea1', 1, 17, 8),
(2, '72e85c970adb09c03f369ecc97559ea1', 1, 57, 1),
(3, '72e85c970adb09c03f369ecc97559ea1', 1, 84, 1),
(4, '72e85c970adb09c03f369ecc97559ea1', 2, 4, 2),
(5, '1344d940f76dc9fe7ac196fdebfdf396', 2, 25, 3),
(6, '1344d940f76dc9fe7ac196fdebfdf396', 2, 2, 4),
(7, '1344d940f76dc9fe7ac196fdebfdf396', 1, 28, 3),
(8, '1344d940f76dc9fe7ac196fdebfdf396', 1, 33, 1),
(9, '1344d940f76dc9fe7ac196fdebfdf396', 1, 74, 7),
(10, '1344d940f76dc9fe7ac196fdebfdf396', 1, 91, 6),
(11, 'e449593274b0c3a7d78bc43e2272fe40', 1, 28, 1),
(12, 'e449593274b0c3a7d78bc43e2272fe40', 2, 7, 2),
(13, 'f367df52af33b16d4eb93c3ec6fb025f', 1, 12, 1),
(14, 'f367df52af33b16d4eb93c3ec6fb025f', 1, 16, 1),
(15, 'f367df52af33b16d4eb93c3ec6fb025f', 2, 8, 2),
(16, 'f367df52af33b16d4eb93c3ec6fb025f', 1, 42, 1),
(17, 'f367df52af33b16d4eb93c3ec6fb025f', 2, 4, 1),
(18, '06d3aecdee878a94e3eb1a27af7a51f1', 1, 12, 1),
(19, '06d3aecdee878a94e3eb1a27af7a51f1', 2, 1, 1),
(20, '06d3aecdee878a94e3eb1a27af7a51f1', 1, 1, 2),
(21, '06d3aecdee878a94e3eb1a27af7a51f1', 1, 57, 1),
(22, '3cef1f6e6825d6c66de64711220148c0', 1, 16, 1),
(23, 'c2df7e2823459525049968f6243cfecb', 2, 16, 2),
(24, 'dc1d4b4c53b78a97da5186822568e2cd', 2, 8, 2),
(25, '88cbfd35bcd1ebd917f777776bafe253', 1, 12, 1),
(26, '88cbfd35bcd1ebd917f777776bafe253', 1, 47, 1),
(27, '88cbfd35bcd1ebd917f777776bafe253', 2, 1, 2),
(32, 'f0deea6590f7fe103884ed16225b9dac', 1, 12, 1),
(35, 'f0deea6590f7fe103884ed16225b9dac', 1, 81, 1),
(36, 'f0deea6590f7fe103884ed16225b9dac', 1, 56, 1),
(39, 'f0deea6590f7fe103884ed16225b9dac', 2, 25, 1),
(40, 'f0deea6590f7fe103884ed16225b9dac', 2, 1, 1),
(41, '8794d8eeb1ca815ca6dff04a02dd6b42', 1, 12, 1),
(43, '8794d8eeb1ca815ca6dff04a02dd6b42', 1, 47, 1),
(44, '8794d8eeb1ca815ca6dff04a02dd6b42', 2, 1, 2),
(45, '8794d8eeb1ca815ca6dff04a02dd6b42', 1, 18, 1),
(47, '8794d8eeb1ca815ca6dff04a02dd6b42', 2, 12, 1),
(51, 'dc522e773177c1fb44f082740b02af9c', 1, 5, 1),
(53, 'dc522e773177c1fb44f082740b02af9c', 1, 28, 1),
(54, 'dc522e773177c1fb44f082740b02af9c', 1, 18, 1),
(56, 'dc522e773177c1fb44f082740b02af9c', 2, 3, 5),
(57, '8d48c75003559e8ece4da64242da6d27', 1, 1, 3),
(58, '8d48c75003559e8ece4da64242da6d27', 2, 25, 1);

#
# Dumping data for table `customers`
#

INSERT INTO `customers` (`customer_id`, `customer_session_id`, `customer_email`, `customer_first_name`, `customer_last_name`, `customer_street_1`, `customer_street_2`, `customer_city`, `state_id`, `customer_zip`, `customer_phone`) VALUES (3, '3cef1f6e6825d6c66de647112', 'bill@zig.com', 'Bill', 'Smith', '2345 E. 75th St.', 'Apt. 3430', 'New York', 33, '10059', '212-555-2424'),
(4, 'c2df7e2823459525049968f62', 'tj@mydotcom.com', 'Tom', 'Jones', '3232 Elm St.', '', 'Bristol', 43, '37601', '423-555-1212'),
(5, 'dc1d4b4c53b78a97da5186822', 'bknob@mymail.net', 'Bob', 'Knob', '3232 Raven Rd.', '', 'Podunk', 4, '43778', '304.557.8954'),
(6, '88cbfd35bcd1ebd917f777776', 'jimbob@someisp.net', 'Jim-Bob', 'Jones', '1234 E. Main St.', '', 'Piqua', 36, '45448', '513-555-1212'),
(7, '88cbfd35bcd1ebd917f777776', 'jimbob@someisp.net', 'Jim-Bob', 'Jones', '1234 E. Main St.', '', 'Piqua', 36, '45448', '513-555-1212'),
(8, '88cbfd35bcd1ebd917f777776', 'jimbob@someisp.net', 'Jim-Bob', 'Jones', '1234 E. Main St.', '', 'Piqua', 36, '45448', '513-555-1212'),
(9, '88cbfd35bcd1ebd917f777776', 'jimbob@someisp.net', 'Jim-Bob', 'Jones', '1234 E. Main St.', '', 'Piqua', 36, '45448', '513-555-1212'),
(10, '88cbfd35bcd1ebd917f777776', 'jimbob@someisp.net', 'Jim-Bob', 'Jones', '1234 E. Main St.', '', 'Piqua', 36, '45448', '513-555-1212'),
(11, '88cbfd35bcd1ebd917f777776', 'jimbob@someisp.net', 'Jim-Bob', 'Jones', '1234 E. Main St.', '', 'Piqua', 36, '45448', '513-555-1212'),
(12, '88cbfd35bcd1ebd917f777776', 'jimbob@someisp.net', 'Jim-Bob', 'Jones', '1234 E. Main St.', '', 'Piqua', 36, '45448', '513-555-1212'),
(13, '88cbfd35bcd1ebd917f777776', 'jimbob@someisp.net', 'Jim-Bob', 'Jones', '1234 E. Main St.', '', 'Piqua', 36, '45448', '513-555-1212'),
(14, '88cbfd35bcd1ebd917f777776', 'jimbob@someisp.net', 'Jim-Bob', 'Jones', '1234 E. Main St.', '', 'Piqua', 36, '45448', '513-555-1212'),
(15, '88cbfd35bcd1ebd917f777776', 'jimbob@someisp.net', 'Jim-Bob', 'Jones', '1234 E. Main St.', '', 'Piqua', 36, '45448', '513-555-1212'),
(16, '88cbfd35bcd1ebd917f777776', 'jimbob@someisp.net', 'Jim-Bob', 'Jones', '1234 E. Main St.', '', 'Piqua', 36, '45448', '513-555-1212'),
(17, '88cbfd35bcd1ebd917f777776', 'jimbob@someisp.net', 'Jim-Bob', 'Jones', '1234 E. Main St.', '', 'Piqua', 36, '45448', '513-555-1212');

#
# Dumping data for table `events`
#

INSERT INTO `events` (`event_id`, `event_name`, `venue_id`, `event_datetime`, `event_price`, `event_seats_sold`) VALUES (1, 'New Wave Revival Tour', 1, '2002-10-12 19:30:00', '22.95', -1),
(2, 'New Wave Revival Tour', 4, '2002-10-14 20:00:00', '43.95', 0),
(3, 'New Wave Revival Tour', 5, '2002-10-15 18:00:00', '18.95', 0),
(4, 'Wottapalooza 2002', 1, '2002-10-16 19:00:00', '34.95', 0),
(5, 'Wottapalooza 2002', 4, '2002-10-19 19:30:00', '15.95', 0),
(6, 'Wottapalooza 2002', 5, '2002-10-21 20:00:00', '17.95', 0),
(7, 'An Evening With Lou Reed', 2, '2002-10-12 20:00:00', '25.95', 0),
(8, 'An Evening With Lou Reed', 3, '2002-10-14 19:30:00', '32.95', 0),
(9, 'Velvet Underground Reunion', 1, '2002-11-02 20:00:00', '39.95', 0),
(10, 'Velvet Underground Reunion', 2, '2002-11-05 19:30:00', '24.95', 0),
(11, 'Velvet Underground Reunion', 5, '2002-11-10 20:00:00', '22.95', 0),
(12, 'Phish In Conert', 1, '2002-11-17 19:45:00', '21.95', 0),
(13, 'Phish In Concert', 5, '2002-11-21 20:00:00', '25.95', 0),
(14, 'Phish In Concert', 4, '2002-11-24 18:30:00', '20.95', 0),
(15, 'Phish In Concert', 2, '2002-11-25 19:00:00', '40.95', 0),
(16, 'An Evening with Joe Jackson', 3, '2002-11-15 20:00:00', '38.95', 0),
(17, 'An Evening with Joe Jackson', 3, '2002-11-16 20:00:00', '23.95', 0),
(18, 'An Evening with Joe Jackson', 2, '2002-11-18 20:30:00', '18.95', 0),
(19, 'An Evening with Joe Jackson', 2, '2002-11-19 20:30:00', '38.95', 0),
(20, 'Björk / The Pixies Live', 1, '2002-11-30 20:00:00', '30.95', 0),
(21, 'Björk / The Pixies Live', 5, '2002-12-02 20:30:00', '22.95', 0),
(22, 'Björk / The Pixies Live', 4, '2002-12-03 19:00:00', '36.95', 0),
(23, 'Lemonheads / Weezer', 4, '2002-10-27 19:00:00', '42.95', 0),
(24, 'Lemonheads / Soul Coughing', 5, '2002-10-28 20:00:00', '25.95', 0),
(25, 'Lemonheads / Weezer', 1, '2002-10-31 21:00:00', '17.95', 0);

#
# Dumping data for table `formats`
#

INSERT INTO `formats` (`format_id`, `format_code`, `format_description`) VALUES (1, 'CD', 'Compact Disc'),
(2, 'CS', 'Cassette'),
(3, 'LP', 'Vinyl'),
(4, 'MP', 'MP3');

#
# Dumping data for table `genres`
#

INSERT INTO `genres` (`genre_id`, `genre_description`) VALUES (2, 'Alternative'),
(8, 'Blues'),
(4, 'Classical'),
(10, 'Electronica'),
(3, 'Folk'),
(6, 'Jazz'),
(9, 'Latin'),
(7, 'Pop'),
(1, 'Rock'),
(5, 'World');

#
# Dumping data for table `item_types`
#

INSERT INTO `item_types` (`item_type_id`, `item_type_description`) VALUES (2, 'Concert Ticket'),
(1, 'Music Recording');

#
# Dumping data for table `labels`
#

INSERT INTO `labels` (`label_id`, `label_short_name`, `label_long_name`) VALUES (1, 'Reprise', 'Reprise Records'),
(2, 'Slash', 'Slash Records'),
(3, 'Anti', 'Anti'),
(4, 'A&M', 'A&M Records'),
(5, 'RCA', 'RCA Records'),
(6, 'Sony', 'Sony Music'),
(7, 'Elektra', 'Elektra Entertainment'),
(8, 'Ultra', 'Ultra Records'),
(9, 'Sire', 'Sire Records'),
(10, 'Warner', 'Warner Records'),
(11, 'Restless', 'Restless Records'),
(12, 'Virgin', 'Virgin Records'),
(13, 'Atlantic', 'Atlantic Recording Company'),
(14, 'Verve', 'Verve Records'),
(15, 'EMI', 'EMI'),
(16, 'Checkered', 'Checkered Past Records'),
(17, 'Geffen', 'Geffen Records'),
(18, 'WEA Latina', 'WEA Latina');

#
# Dumping data for table `news`
#

INSERT INTO `news` (`news_id`, `genre_id`, `artist_id`, `headline`, `body`, `start_date`, `end_date`) VALUES (1, 2, 13, 'Talking Heads Start Making Sense Again...?', 'It appears that David Byrne will soon be the Once Future Front Man for one of New Wave Music\'s definitive acts. Speaking after a solo gig in New York, Byrne said the had and the other 3 original members of Talking Heads had ironed out their longstanding differences and will join forces for a tour this fall...', '2002-07-15', '2002-07-30'),
(2, 10,  NULL, 'Electronica Increasing In Popularity', 'According to a new survey, more people are enjoying Electronica. This trend is especially true among collectors of MP3s. The survey also indicated that electronica aficcionados are complaining that they aren\'t finding enough tunes in this genre to satisfy them. Much of the available material is on independent labels or is privately produced -- expect the major labels to get in on the action over the next 6-12 months or so.', '2002-07-10', '2002-07-20'),
(3, 7, 15, 'Jackson Gets Songwriting Award', 'Jazz pianist/vocalist Joe Jackson has receives the prestigious Golden Scapula for Lifetime Achivement by the Association of North American Songwriters Who Play Piano. The award was announced at the group\'s annual meeting in Chicago on Thursday. Jackson, who is currently touring Japan, could not be present to accept the award in person, but told our reporter by telephone that he reagrded it as the thrill of a lifetime.', '2002-07-12', '2002-07-20'),
(4, 7, 24, 'Sting Endows Scholarship', 'The University of Wisconsin will begin offering the Gordon Sumner Scholarship and Grant to an outstanding graduate student in Biology or Environmental Sciences after crooner Sting donated one million dollars to endow the awrd. Each year, a deserving student will receive $25,000 to fund a field research project that promises to unearth new ways to preserve tropical forests and habitats. The first of the awards will be given in 2004 and each year thereafter.', '2002-07-16', '2002-09-01'),
(5, 9, 27, 'Maná Sweep Latin Grammys', 'Mexican group Maná took home 8 of 11 Latin Grammy Awards given out on July 13th in Miami, Florida. Honors extended to the band included Best Song ("Te Lloré Un Río"), Best Live Album (<em>Maná En Vivo</em>), and a special Social Activism Award in recognition of the group\'s support of several children\'s charities in both Mexico and the United States. Lead singer <b>Fher</b> told the audience that 50% of the profits from the group\'s new studio album would go towards establishing a fund for incrasing social awareness of abused and neglected children.', '2002-07-14', '2002-07-25'),
(8, 1, 5, 'Five For Fighting Back To Studio In Fall', 'The group <b>Five For Fighting</b> will start work on their new album in November, according to their lead guitarist who was recently interviewed in <em>Rolling Stone</em>. The band finished up a very successful European tour in June, and has been taking it easy ever since to rest up and start writing new material. He said they\'ve already written 3 new songs which fans may get to preview a few US dates scheduled in advance of the studio time. This will be the group\'s 4th album.', '2002-07-01', '2002-09-01'),
(9, 1, 18, 'Phish Phan\'s Phoibles', '22-year-old Billy Finn (his real name, we swear), followed Phish on their spring US tour... In fact, he saw all 49 shows, and sent the band copies of all his ticket stubs. The members of Phish were so impressed that Billy got to attend a free 50th show along with about a dozen friends. The private affair was held at a club owned by a friend of the band who closed his establishment to the public for the night. No word on whether Billy\'s beers were on the house.', '2002-07-13', '2002-07-31'),
(10, 1, 8, 'VU Reunion Dates In 3 Cities', 'Former Velvet Underground front man Lou Reed will be reuniting with bandmate John Cale and other surviving members of the group for three shows in New York, San Francisco, and Detroit in November. It will be the first time since 1982 that the two have appeared onstage together. The San Francisco show will be on what would have been singer Nico\'s 50th birthday.', '2002-07-10', '2002-08-10');

#
# Dumping data for table `orders`
#

INSERT INTO `orders` (`order_id`, `session_id`, `shipping_type_id`, `order_total`, `order_datetime`) VALUES (1, 'f367df52af33b16d4eb93c3ec6fb025f', 4, '154.50', '2002-08-05 18:02:59'),
(2, 'f367df52af33b16d4eb93c3ec6fb025f', 4, '154.50', '2002-08-05 18:04:19'),
(5, 'dc1d4b4c53b78a97da5186822568e2cd', 1, '66.80', '2002-08-06 16:33:44');

#
# Dumping data for table `product_codes`
#

INSERT INTO `product_codes` (`product_code_id`, `product_group_id`, `format_id`, `product_code_price`, `product_code_inventory`) VALUES (1, 1, 1, '12.95', 15),
(2, 2, 1, '10.95', 17),
(3, 3, 1, '7.95', 9),
(4, 4, 1, '11.95', 21),
(5, 5, 1, '13.95', 11),
(6, 6, 1, '9.95', 16),
(7, 7, 1, '12.95', 19),
(8, 8, 1, '11.95', 11),
(9, 9, 1, '9.95', 15),
(10, 10, 1, '11.95', 16),
(11, 11, 1, '12.95', 0),
(12, 12, 1, '7.95', 17),
(13, 13, 1, '12.95', 15),
(14, 14, 1, '10.95', 10),
(15, 15, 1, '9.95', 15),
(16, 16, 1, '11.95', 12),
(17, 17, 1, '11.95', 10),
(18, 18, 1, '9.95', 14),
(19, 19, 1, '12.95', 15),
(20, 20, 1, '10.95', 9),
(21, 21, 1, '8.95', 18),
(22, 22, 1, '11.95', 17),
(23, 23, 1, '12.95', 9),
(24, 24, 1, '7.95', 16),
(25, 25, 1, '12.95', 18),
(26, 26, 1, '10.95', 16),
(27, 27, 1, '8.95', 12),
(28, 28, 1, '10.95', 18),
(29, 1, 2, '9.95', 14),
(30, 2, 2, '10.95', 16),
(31, 3, 2, '10.95', 7),
(32, 4, 2, '8.95', 5),
(33, 5, 2, '11.95', 11),
(34, 6, 2, '10.95', 4),
(35, 7, 2, '9.95', 12),
(36, 8, 2, '10.95', 3),
(37, 9, 2, '10.95', 8),
(38, 10, 2, '8.95', 7),
(39, 11, 2, '11.95', 8),
(40, 12, 2, '9.95', 13),
(41, 13, 2, '10.95', 6),
(42, 14, 2, '10.95', 3),
(43, 15, 2, '11.95', 7),
(44, 16, 2, '9.95', 2),
(45, 17, 2, '11.95', 11),
(46, 18, 2, '8.95', 11),
(47, 19, 2, '10.95', 9),
(48, 20, 2, '10.95', 4),
(49, 21, 2, '11.95', 4),
(50, 22, 2, '10.95', 7),
(51, 23, 2, '11.95', 11),
(52, 24, 2, '9.95', 12),
(53, 25, 2, '10.95', 12),
(54, 26, 2, '10.95', 7),
(55, 27, 2, '11.95', 10),
(56, 28, 2, '10.95', 15),
(57, 1, 3, '11.95', 9),
(58, 2, 3, '10.95', 10),
(59, 3, 3, '12.95', 7),
(60, 4, 3, '12.95', 10),
(61, 5, 3, '12.95', 3),
(62, 6, 3, '10.95', 17),
(63, 7, 3, '10.95', 8),
(64, 8, 3, '11.95', 2),
(65, 9, 3, '11.95', 7),
(66, 10, 3, '11.95', 0),
(67, 11, 3, '11.95', 8),
(68, 12, 3, '11.95', 3),
(69, 13, 3, '12.95', 6),
(70, 14, 3, '11.95', 5),
(71, 15, 3, '11.95', 6),
(72, 16, 3, '10.95', 11),
(73, 17, 3, '10.95', 2),
(74, 18, 3, '11.95', 9),
(75, 19, 3, '12.95', 12),
(76, 20, 3, '11.95', 12),
(77, 21, 3, '11.95', 4),
(78, 22, 3, '11.95', 12),
(79, 23, 3, '12.95', 14),
(80, 24, 3, '11.95', 13),
(81, 25, 3, '11.95', 9),
(82, 26, 3, '11.95', 11),
(83, 27, 3, '12.95', 9),
(84, 28, 3, '11.95', 12),
(85, 27, 1, '12.95', 12),
(86, 27, 2, '13.95', 0),
(87, 27, 3, '8.95', 7),
(88, 30, 1, '21.95', 14),
(89, 30, 2, '24.00', 8),
(90, 30, 3, '16.95', 10),
(91, 29, 1, '15.95', 11),
(92, 29, 2, '8.95', 0),
(93, 29, 3, '17.95', 0);

#
# Dumping data for table `product_groups`
#

INSERT INTO `product_groups` (`product_group_id`, `product_group_title`, `label_id`, `genre_id`, `product_group_image_name`, `release_date`) VALUES (1, 'Weezer', 17, 2, '00001.jpg', '2002-07-22'),
(2, 'Some Stupid With a Flare Gun', 16, 2, '00002.jpg', '2002-06-15'),
(3, 'On How Life Is', 6, 7, '00003.jpg', '2002-09-01'),
(4, 'The Whole Story', 15, 2, '00004.jpg', '2002-06-10'),
(5, 'America Town', 6, 1, '00005.jpg', '2002-07-15'),
(6, 'Doolittle', 7, 2, '00006.jpg', '2002-06-25'),
(7, 'Songs For Drella', 9, 1, '00007.jpg', '2002-09-01'),
(8, 'The Globe', 6, 1, '00008.jpg', '2002-06-15'),
(9, 'Best of Ella Fitzgerald & Louis Armstrong', 14, 6, '00009.jpg', '2002-09-01'),
(10, 'It\'s a Shame about Ray', 13, 2, '00010.jpg', '2002-07-15'),
(11, 'Magic and Loss', 9, 1, '00011.jpg', '2002-06-15'),
(12, 'Remain in Light', 9, 2, '00012.jpg', '2002-08-05'),
(13, 'Irresistable Bliss', 2, 1, '00013.jpg', '2002-06-10'),
(14, 'Night Music', 12, 7, '00014.jpg', '2002-06-15'),
(15, 'The Blue Moods of Spain', 11, 8, '00015.jpg', '2002-09-01'),
(16, '11 Maneras de ponerse un sumbrero', 10, 9, '00016.jpg', '2002-07-25'),
(17, 'Little Creatures', 9, 2, '00017.jpg', '2002-06-15'),
(18, 'A Picture of Nectar', 7, 2, '00018.jpg', '2002-06-25'),
(19, 'Rei Momo', 9, 5, '00019.jpg', '2002-06-10'),
(20, 'Back to Mine', 8, 10, '00020.jpg', '2002-07-25'),
(21, 'Post', 7, 10, '00021.jpg', '2002-09-01'),
(22, 'moby songs', 7, 10, '00022.jpg', '2002-06-10'),
(23, 'Walking Wounded', 6, 10, '00023.jpg', '2002-06-15'),
(24, 'White Ladder', 5, 1, '00024.jpg', '2002-08-05'),
(25, 'Mercury Falling', 4, 7, '00025.jpg', '2002-07-15'),
(26, 'Alice', 3, 1, '00026.jpg', '2002-06-15'),
(27, 'Ruby Vroom', 2, 1, '00027.jpg', '2001-06-15'),
(28, 'Trouble in Shangri-La', 1, 1, '00028.jpg', '2002-07-25'),
(29, 'Sueños Líquidos', 18, 9, '00029.jpg', '2002-07-05'),
(30, 'En Vivo', 18, 9, '00030.jpg', '2001-11-16');

#
# Dumping data for table `seating_types`
#

INSERT INTO `seating_types` (`seating_type_id`, `seating_type_description`) VALUES (1, 'General Admission'),
(2, 'Reserved');

#
# Dumping data for table `shipping_types`
#

INSERT INTO `shipping_types` (`shipping_type_id`, `shipping_type_description`, `shipping_per_cd_cass`, `shipping_per_lp`, `shipping_per_ticket`) VALUES (1, 'Regular Mail (5-7 days)', '0.75', '0.95', '0.45'),
(2, 'Express Mail (3-5 days)', '1.55', '2.45', '1.25'),
(3, 'FedParcel Ground (2-4 days)', '2.05', '3.25', '1.65'),
(4, 'FedParcel Overnight (next business day)', '3.35', '5.25', '4.25'),
(5, 'FedParcel SameDay (if ordered before 5PM ET)', '5.75', '7.65', '6.35');

#
# Dumping data for table `songs`
#

INSERT INTO `songs` (`song_id`, `song_title`) VALUES (1, 'Trouble in Shangri-La'),
(2, 'CandleBright'),
(3, 'Sorcerer'),
(4, 'Planets of the Universe'),
(5, 'Every Day'),
(6, 'Too Far From Texas'),
(7, 'That Made Me Stronger'),
(8, 'It\'s Only Love'),
(9, 'Love Changes'),
(10, 'I Miss You'),
(11, 'Bombay Sapphires'),
(12, 'Fall From Grace'),
(13, 'Love Is'),
(14, 'Is Chicago'),
(15, 'Sugar Free Jazz'),
(16, 'Casiotone Nation'),
(17, 'Blueeyed Devil'),
(18, 'Bus to Beelzebub'),
(19, 'True Dreams of Wichita'),
(20, 'Screenwriter\'s Blues'),
(21, 'Moon Sammy'),
(22, 'Supra Genius'),
(23, 'City of Motors'),
(24, 'Uh'),
(25, 'Down To This'),
(26, 'Mr. Bitterness'),
(27, 'Janine'),
(28, 'Alice'),
(29, 'Everything You can Think'),
(30, 'Flower\'s Grave'),
(31, 'No One Knows I\'m Gone'),
(32, 'Kommienezuspadt'),
(33, 'Poor Edward'),
(34, 'Table Top Joe'),
(35, 'Lost In The Harbour'),
(36, 'We\'re All Mad Here'),
(37, 'Watch Her Disappear'),
(38, 'Reeperbahn'),
(39, 'I\'m Still Here'),
(40, 'Fish & bird'),
(41, 'Barcarolle'),
(42, 'Hounds of Winter'),
(43, 'I Hung My Head'),
(44, 'Let Your Soul Be Your Pilot'),
(45, 'I Was Brought To My Senses'),
(46, 'You Still Touch Me'),
(47, 'I\'m So Happy I Can\'t Stop Crying'),
(48, 'All Four Seasons'),
(49, 'La Belle Dame Sans Regrets'),
(50, 'Valparaiso'),
(51, 'Lithium Sunset'),
(52, 'Please Forgive Me'),
(53, 'Babylon'),
(54, 'My Oh My'),
(55, 'We\'re Not Right'),
(56, 'Nightblindness'),
(57, 'Silver Lining'),
(58, 'White Ladder'),
(59, 'This Years Love'),
(60, 'Sail Away'),
(61, 'Say Hello Wave Goodbye'),
(62, 'Babylon II'),
(63, 'Before Today'),
(64, 'Wrong'),
(65, 'Single'),
(66, 'Heart Remains a Child'),
(67, 'Walking Wounded'),
(68, 'Flipside'),
(69, 'Big Deal'),
(70, 'Mirrorball'),
(71, 'Good Cop Bad Cop'),
(72, 'First Cool Hive'),
(73, 'Go'),
(74, 'Into The Blue'),
(75, 'Now I Let It Go'),
(76, 'Move [You Make Me Feel So Good]'),
(77, 'I Like To Score'),
(78, 'Anthem'),
(79, 'Hymn'),
(80, 'Feeling So Real'),
(81, 'God Moving Over The Face Of The Waters'),
(82, 'Alone'),
(83, 'Novio'),
(84, 'The Rain Falls And The Sky Shudders'),
(85, 'When It\'s Cold I\'d Like To Die'),
(86, 'Living'),
(87, 'Grace'),
(88, 'Army Of Me'),
(89, 'Hyper-Ballad'),
(90, 'Modern Things'),
(91, 'It\'s Oh So Quiet'),
(92, 'Enjoy'),
(93, 'You\'ve Been Flirting Again'),
(94, 'Isobel'),
(95, 'Possibly Maybe'),
(96, 'I Miss You'),
(97, 'Cover Me'),
(98, 'Headphones'),
(99, 'Friends And Enemies'),
(100, 'All Alone (No One To Be With)'),
(101, 'Bayou'),
(102, 'Stars All Seem To Weep'),
(103, 'Flow'),
(104, 'Cascades of Colour'),
(105, 'Do It Now'),
(106, 'Wonderful Life'),
(107, 'To Cry About'),
(108, 'Silent Treatment'),
(109, 'Funky For You'),
(110, 'Someday We\'ll All Be Free'),
(111, 'Independence Day'),
(112, 'Make Believe Mambo'),
(113, 'Call Of The Wild'),
(114, 'Dirty Old Town'),
(115, 'Rose Tattoo'),
(116, 'Loco De Amor'),
(117, 'Dream Police'),
(118, 'Don\'t Want To Be Part Of Your World'),
(119, 'Marching Through The Wilderness'),
(120, 'Good And Evil'),
(121, 'Lie To Me'),
(122, 'Office Cowboy'),
(123, 'Women VS. Men'),
(124, 'Carnival Eyes'),
(125, 'I Know sometimes A Man Is Wrong'),
(126, 'LLama'),
(127, 'Eliza'),
(128, 'Cavern'),
(129, 'Poor Heart'),
(130, 'Stash'),
(131, 'Manteca'),
(132, 'Guelah Papyrus'),
(133, 'Magilla'),
(134, 'Landlady'),
(135, 'Glide'),
(136, 'Tweezer'),
(137, 'Mango Song'),
(138, 'Chalk Dust Torture'),
(139, 'Faht'),
(140, 'Catapult'),
(141, 'Tweezer Reprise'),
(142, 'And She Was'),
(143, 'Give Me Back My Name'),
(144, 'Creatures of Love'),
(145, 'Lady Don\'t Mind'),
(146, 'Perfect World'),
(147, 'Stay Up Late'),
(148, 'Walk It Down'),
(149, 'Television Man'),
(150, 'Road To Nowhere'),
(151, 'el amor despues del amor'),
(152, 'la mer'),
(153, 'causas y azares'),
(154, 'muro'),
(155, 'la belleza'),
(156, 'solo pienso en ti'),
(157, 'un vestido y un amor'),
(158, 'ne me quitte pas'),
(159, 'usted abuso (voce abuso)'),
(160, 'alfonsina y el mar'),
(161, 'mentira salome/palmera'),
(162, 'It\'s So True'),
(163, 'Ten nights'),
(164, 'Dreaming Of Love'),
(165, 'Untitled #1'),
(166, 'Her Used-To-Been'),
(167, 'Ray Of Light'),
(168, 'World Of Blue'),
(169, 'I Lied'),
(170, 'Spiritual'),
(171, 'Nocturne No. 1'),
(172, 'Flying'),
(173, 'Ever After'),
(174, 'Nocturne No. 2'),
(175, 'Man Who Wrote Danny Boy'),
(176, 'Nocturne No. 3'),
(177, 'Lullaby'),
(178, 'Only The Future'),
(179, 'Nocturne No. 4'),
(180, 'Sea Of Secrets'),
(181, 'Super Bon Bon'),
(182, 'Soft Serve'),
(183, 'White Girl'),
(184, 'Soundtrack to mary'),
(185, 'Lazybones'),
(186, '4 out of 5'),
(187, 'Paint'),
(188, 'Disseminated'),
(189, 'Collapse'),
(190, 'Sleepless'),
(191, 'Idiot Kings'),
(192, 'How Many Cans?'),
(193, 'Born Under Punches (The Heat Goes On)'),
(194, 'Crosseyed and Painless'),
(195, 'Great Curve'),
(196, 'Once In a Lifetime'),
(197, 'Houses In Motion'),
(198, 'Seen And Not Seen'),
(199, 'Listening Wind'),
(200, 'Overload'),
(201, 'Dorita'),
(202, 'What\'s Good'),
(203, 'Power And Glory'),
(204, 'Magician'),
(205, 'Sword Of Damocles'),
(206, 'Goodbye Mass'),
(207, 'Cremation'),
(208, 'Dreamin'),
(209, 'No Chance'),
(210, 'Warrior King'),
(211, 'Harry\'s Circumcision'),
(212, 'Gassed And Stoked'),
(213, 'Power And Glort Part II'),
(214, 'Magic And Loss'),
(215, 'Rockin Stroll'),
(216, 'Confetti'),
(217, 'It\'s A Shame About Ray'),
(218, 'Rudderless'),
(219, 'Buddy'),
(220, 'Turnpike Down'),
(221, 'Bit Part'),
(222, 'Alison\'s Starting To Happen'),
(223, 'Hannah & Gabi'),
(224, 'Kitchen'),
(225, 'Ceiling Fan In My Spoon'),
(226, 'Frank Mills'),
(227, 'Mrs. Robinson'),
(228, 'Let\'s Call The Whole Thing Off'),
(229, 'Love Is Here To Stay'),
(230, 'Nearness of you'),
(231, 'Stars Fell on Alabama'),
(232, 'They Can\'t Take That Away From Me'),
(233, 'Autumn In New York'),
(234, 'Summertime'),
(235, 'Tenderly'),
(236, 'Stompin\' At the Savoy'),
(237, 'Under A Blanket of Blue'),
(238, 'I Wants To Stay Here'),
(239, 'I\'ve Got My Love To Keep Me Warm'),
(240, 'There\'s a Boat Dat\'s LEavin\' Soon For New York'),
(241, 'You Wont\' Be Satisfied'),
(242, 'Rush'),
(243, 'Can\'t Wait / Live'),
(244, 'I Don\'t Know'),
(245, 'Innocent Child'),
(246, 'Green Grass'),
(247, 'Kool-Aid'),
(248, 'In My Dreams'),
(249, 'When The Time Comes'),
(250, 'Tea Party'),
(251, 'Smalltown'),
(252, 'Open House'),
(253, 'Style It Takes'),
(254, 'Work'),
(255, 'Trouble With Classicists'),
(256, 'Starlight'),
(257, 'Faces And Names'),
(258, 'Images'),
(259, 'Slip away ( A Warning)'),
(260, 'It Wasn\'t Me'),
(261, 'I Believe'),
(262, 'Nobody But You'),
(263, 'Dream'),
(264, 'Forever Changed'),
(265, 'Hello It\'s Me'),
(266, 'Debaser'),
(267, 'Tame'),
(268, 'Wave Of Mutilation'),
(269, 'I Bleed'),
(270, 'Here Comes Your Man'),
(271, 'Dead'),
(272, 'Monkey Gone To Heaven'),
(273, 'Mr. Grieves'),
(274, 'Crackity Jones'),
(275, 'La La Love You'),
(276, 'No. 13 Baby'),
(277, 'There Goes My Gun'),
(278, 'Hey'),
(279, 'Silver'),
(280, 'Gouge Away'),
(281, 'Easy Tonight'),
(282, 'Bloody Mary (A Note On Apathy)'),
(283, 'Superman (It\'s Not Easy)'),
(284, 'America Town'),
(285, 'Something About You'),
(286, 'Jainy'),
(287, 'Michael Jordan'),
(288, 'Out Of Love'),
(289, 'Last Great American'),
(290, 'Love Song'),
(291, 'Boat Parade'),
(292, 'Alright'),
(293, 'Wuthering Heights'),
(294, 'Cloudbusting'),
(295, 'Man With The Child In His Eyes'),
(296, 'Breathing'),
(297, 'Wow'),
(298, 'Hounds Of Love'),
(299, 'Running Up That Hill'),
(300, 'Army Dreamers'),
(301, 'Sat In Your Lap'),
(302, 'Experiment IV'),
(303, 'Dreaming'),
(304, 'Babooshka'),
(305, 'Why Didn\'t You Call Me'),
(306, 'Do Something'),
(307, 'Caligula'),
(308, 'I Try'),
(309, 'Sex-O-Matic Venus Freak'),
(310, 'I Cant Wait To Meetchu'),
(311, 'Still'),
(312, 'I\'ve Committed Murder'),
(313, 'A Moment To Myself'),
(314, 'Letter'),
(315, 'Pretty As You Please'),
(316, 'Astronaut'),
(317, 'Fighter Pilot'),
(318, 'Love Tractor'),
(319, 'Your Amazing Life'),
(320, 'Sidewinder'),
(321, 'Swallow You Down'),
(322, 'X-tra Nipple'),
(323, 'Magnus'),
(324, 'Casper\'s Coming Home'),
(325, 'Kitten'),
(326, 'Between The Trees'),
(327, 'Don\'t Let Go'),
(328, 'Photograph'),
(329, 'Hash Pipe'),
(330, 'Island In The Sun'),
(331, 'Crab'),
(332, 'Knock-down Drag-out'),
(333, 'Smile'),
(334, 'Simple Pages'),
(335, 'Glorious Day'),
(336, 'O Girlfriend'),
(337, 'Hechicera'),
(338, 'Un Lobo por Tu Amor'),
(339, 'Como Dueles en los Labios'),
(340, 'Chamán'),
(341, 'Tu Tienes lo que Quiero'),
(342, 'Clavado en un Bar'),
(343, 'Róbame el Alma'),
(344, 'En el Muelle de San Blas'),
(345, 'La Sirena'),
(346, 'Me Voy a Convertir en un Ave'),
(347, 'Como Te Extraño Corazón'),
(348, 'Ámame Hasta que Me'),
(349, 'De Pies a Cabeza'),
(350, 'Oye Mi Amor'),
(351, 'Refrigerador'),
(352, '¿Dónde Jugarán Los Niños?'),
(353, 'Soledad'),
(354, 'Huele A Tristeza'),
(355, 'Te Lloré Un Río'),
(356, 'Estoy Agotado'),
(357, 'Perdido Un En Barco'),
(358, 'Buscándola'),
(359, 'La Chula'),
(360, 'El Rey'),
(361, 'Como Diablos'),
(362, 'Me Vale'),
(363, 'Rayando El Sol'),
(364, 'Como Te Deseo'),
(365, 'Puerta Azul'),
(366, 'Vivo Sin Aire');

#
# Dumping data for table `specials`
#

INSERT INTO `specials` (`special_id`, `item_type_id`, `product_group_or_event_id`, `special_percentage`, `short_description`, `long_description`, `start_date`, `end_date`) VALUES (1, 1, 1, '50', '<em>Weezer</em> On Sale...', 'Order the album <em>Weezer</em> on cassette, CD, or LP at half price for the rest of August... ', '2002-08-15', '2002-08-30'),
(2, 2, 25, '20', 'Weezer Show Tickets -- Special Price', 'See <b>Weezer</b> with <b>The Lomonheads</b> live in New York on Halloween Night... Buy now through September 30th and save 20%... Now you\'ll be able to take a date and still afford the cab fare home!', '2002-08-20', '2002-09-30'),
(3, 1, 5, '75', 'Album of the Week: <em>America Town</em>', 'Our Special <b>Album of the Week</b> for <b>August 19th - 26th</b> is Five For Fighting\'s <em>America Town</em>. Order this week and save an INCREDIBLE 75%!! Offer\'s good THIS WEEK ONLY, so HURRY!!', '2002-08-19', '2002-08-26'),
(4, 1, 17, '75', 'Album of the Week -- <em>Little Creatures</em>', 'Our Special <b>Album of the Week</b> for <b>August 27th - September 4th</b> is  <em>Little Creatures</em> by Talking Heads. Order this week and save an INCREDIBLE 75%!! We must be crazy, right? Well, the insanity lasts ONE WEEK ONLY, so HURRY and ORDER NOW before WE COME TO OUR SENSES!!', '2002-08-27', '2002-09-04'),
(5, 2, 12, '50', 'Phish Concert Tickets -- Half Off', 'This is a Phish concert that isn\'t active yet.', '2002-09-01', '2002-09-30');

#
# Dumping data for table `states`
#

INSERT INTO `states` (`state_id`, `state_code`, `state_name`) VALUES (1, 'AL', 'Alabama'),
(2, 'AK', 'Alaska'),
(3, 'AZ', 'Arizona'),
(4, 'AR', 'Arkansas'),
(5, 'CA', 'California'),
(6, 'CO', 'Colorado'),
(7, 'CT', 'Connecticut'),
(8, 'DE', 'Delaware'),
(9, 'DC', 'District of Columbia'),
(10, 'FL', 'Florida'),
(11, 'GA', 'Georgia'),
(12, 'HI', 'Hawaii'),
(13, 'ID', 'Idaho'),
(14, 'IL', 'Illinois'),
(15, 'IN', 'Indiana'),
(16, 'IA', 'Iowa'),
(17, 'KS', 'Kansas'),
(18, 'KY', 'Kentucky'),
(19, 'LA', 'Louisiana'),
(20, 'ME', 'Maine'),
(21, 'MD', 'Maryland'),
(22, 'MA', 'Massachusetts'),
(23, 'MI', 'Michigan'),
(24, 'MN', 'Minnesota'),
(25, 'MS', 'Mississippi'),
(26, 'MO', 'Missouri'),
(27, 'MT', 'Montana'),
(28, 'NE', 'Nebraska'),
(29, 'NV', 'Nevada'),
(30, 'NH', 'New Hampshire'),
(31, 'NJ', 'New Jersey'),
(32, 'NM', 'New Mexico'),
(33, 'NY', 'New York'),
(34, 'NC', 'North Carolina'),
(35, 'ND', 'North Dakota'),
(36, 'OH', 'Ohio'),
(37, 'OK', 'Oklahoma'),
(38, 'OR', 'Oregon'),
(39, 'PA', 'Pennsylvania'),
(40, 'RI', 'Rhode Island'),
(41, 'SC', 'South Carolina'),
(42, 'SD', 'South Dakota'),
(43, 'TN', 'Tennessee'),
(44, 'TX', 'Texas'),
(45, 'UT', 'Utah'),
(46, 'VT', 'Vermont'),
(47, 'VA', 'Virginia'),
(48, 'WA', 'Washington'),
(49, 'WV', 'West Virginia'),
(50, 'WI', 'Wisconsin'),
(51, 'WY', 'Wyoming');

#
# Dumping data for table `tracks`
#

INSERT INTO `tracks` (`track_id`, `song_id`, `artist_id`, `product_group_id`, `track_number`) VALUES (1, 1, 26, 28, 1),
(2, 2, 26, 28, 2),
(3, 3, 26, 28, 3),
(4, 4, 26, 28, 4),
(5, 5, 26, 28, 5),
(6, 6, 26, 28, 6),
(7, 7, 26, 28, 7),
(8, 8, 26, 28, 8),
(9, 9, 26, 28, 9),
(10, 10, 26, 28, 10),
(11, 11, 26, 28, 11),
(12, 12, 26, 28, 12),
(13, 13, 26, 28, 13),
(14, 14, 14, 27, 1),
(15, 15, 14, 27, 2),
(16, 16, 14, 27, 3),
(17, 17, 14, 27, 4),
(18, 18, 14, 27, 5),
(19, 19, 14, 27, 6),
(20, 20, 14, 27, 7),
(21, 21, 14, 27, 8),
(22, 22, 14, 27, 9),
(23, 23, 14, 27, 10),
(24, 24, 14, 27, 11),
(25, 25, 14, 27, 12),
(26, 26, 14, 27, 13),
(27, 27, 14, 27, 14),
(28, 28, 25, 26, 1),
(29, 29, 25, 26, 2),
(30, 30, 25, 26, 3),
(31, 31, 25, 26, 4),
(32, 32, 25, 26, 5),
(33, 33, 25, 26, 6),
(34, 34, 25, 26, 7),
(35, 35, 25, 26, 8),
(36, 36, 25, 26, 9),
(37, 37, 25, 26, 10),
(38, 38, 25, 26, 11),
(39, 39, 25, 26, 12),
(40, 40, 25, 26, 13),
(41, 41, 25, 26, 14),
(42, 42, 24, 25, 1),
(43, 43, 24, 25, 2),
(44, 44, 24, 25, 3),
(45, 45, 24, 25, 4),
(46, 46, 24, 25, 5),
(47, 47, 24, 25, 6),
(48, 48, 24, 25, 7),
(49, 49, 24, 25, 8),
(50, 50, 24, 25, 9),
(51, 51, 24, 25, 10),
(52, 52, 23, 24, 1),
(53, 53, 23, 24, 2),
(54, 54, 23, 24, 3),
(55, 55, 23, 24, 4),
(56, 56, 23, 24, 5),
(57, 57, 23, 24, 6),
(58, 58, 23, 24, 7),
(59, 59, 23, 24, 8),
(60, 60, 23, 24, 9),
(61, 61, 23, 24, 10),
(62, 62, 23, 24, 11),
(63, 63, 20, 23, 1),
(64, 64, 20, 23, 2),
(65, 65, 20, 23, 3),
(66, 66, 20, 23, 4),
(67, 67, 20, 23, 5),
(68, 68, 20, 23, 6),
(69, 69, 20, 23, 7),
(70, 70, 20, 23, 8),
(71, 64, 20, 23, 9),
(72, 67, 20, 23, 10),
(73, 72, 22, 22, 1),
(74, 73, 22, 22, 2),
(75, 74, 22, 22, 3),
(76, 75, 22, 22, 4),
(77, 76, 22, 22, 5),
(78, 77, 22, 22, 6),
(79, 78, 22, 22, 7),
(80, 79, 22, 22, 8),
(81, 80, 22, 22, 9),
(82, 81, 22, 22, 10),
(83, 82, 22, 22, 11),
(84, 83, 22, 22, 12),
(85, 84, 22, 22, 13),
(86, 85, 22, 22, 14),
(87, 86, 22, 22, 15),
(88, 87, 22, 22, 16),
(89, 88, 21, 21, 1),
(90, 89, 21, 21, 2),
(91, 90, 21, 21, 3),
(92, 91, 21, 21, 4),
(93, 92, 21, 21, 5),
(94, 93, 21, 21, 6),
(95, 94, 21, 21, 7),
(96, 95, 21, 21, 8),
(97, 96, 21, 21, 9),
(98, 97, 21, 21, 10),
(99, 98, 21, 21, 11),
(100, 99, 20, 20, 1),
(101, 100, 20, 20, 2),
(102, 101, 20, 20, 3),
(103, 102, 20, 20, 4),
(104, 103, 20, 20, 5),
(105, 104, 20, 20, 6),
(106, 105, 20, 20, 7),
(107, 106, 20, 20, 8),
(108, 107, 20, 20, 9),
(109, 108, 20, 20, 10),
(110, 109, 20, 20, 11),
(111, 110, 20, 20, 12),
(112, 111, 19, 19, 1),
(113, 112, 19, 19, 2),
(114, 113, 19, 19, 3),
(115, 114, 19, 19, 4),
(116, 115, 19, 19, 5),
(117, 116, 19, 19, 6),
(118, 117, 19, 19, 7),
(119, 118, 19, 19, 8),
(120, 119, 19, 19, 9),
(121, 120, 19, 19, 10),
(122, 121, 19, 19, 11),
(123, 122, 19, 19, 12),
(124, 123, 19, 19, 13),
(125, 124, 19, 19, 14),
(126, 125, 19, 19, 15),
(127, 126, 18, 18, 1),
(128, 127, 18, 18, 2),
(129, 128, 18, 18, 3),
(130, 129, 18, 18, 4),
(131, 130, 18, 18, 5),
(132, 131, 18, 18, 6),
(133, 132, 18, 18, 7),
(134, 133, 18, 18, 8),
(135, 134, 18, 18, 9),
(136, 135, 18, 18, 10),
(137, 136, 18, 18, 11),
(138, 137, 18, 18, 12),
(139, 138, 18, 18, 13),
(140, 139, 18, 18, 14),
(141, 140, 18, 18, 15),
(142, 141, 18, 18, 16),
(143, 142, 13, 17, 1),
(144, 143, 13, 17, 2),
(145, 144, 13, 17, 3),
(146, 145, 13, 17, 4),
(147, 146, 13, 17, 5),
(148, 147, 13, 17, 6),
(149, 148, 13, 17, 7),
(150, 149, 13, 17, 8),
(151, 150, 13, 17, 9),
(152, 151, 17, 16, 1),
(153, 152, 17, 16, 2),
(154, 153, 17, 16, 3),
(155, 154, 17, 16, 4),
(156, 155, 17, 16, 5),
(157, 156, 17, 16, 6),
(158, 157, 17, 16, 7),
(159, 158, 17, 16, 8),
(160, 159, 17, 16, 9),
(161, 160, 17, 16, 10),
(162, 161, 17, 16, 11),
(163, 162, 16, 15, 1),
(164, 163, 16, 15, 2),
(165, 164, 16, 15, 3),
(166, 165, 16, 15, 4),
(167, 166, 16, 15, 5),
(168, 167, 16, 15, 6),
(169, 168, 16, 15, 7),
(170, 169, 16, 15, 8),
(171, 170, 16, 15, 9),
(172, 171, 15, 14, 1),
(173, 172, 15, 14, 2),
(174, 173, 15, 14, 3),
(175, 174, 15, 14, 4),
(176, 175, 15, 14, 5),
(177, 176, 15, 14, 6),
(178, 177, 15, 14, 7),
(179, 178, 15, 14, 8),
(180, 179, 15, 14, 9),
(181, 180, 15, 14, 10),
(182, 181, 14, 13, 1),
(183, 182, 14, 13, 2),
(184, 183, 14, 13, 3),
(185, 184, 14, 13, 4),
(186, 185, 14, 13, 5),
(187, 186, 14, 13, 6),
(188, 187, 14, 13, 7),
(189, 188, 14, 13, 8),
(190, 189, 14, 13, 9),
(191, 190, 14, 13, 10),
(192, 191, 14, 13, 11),
(193, 192, 14, 13, 12),
(194, 193, 13, 12, 1),
(195, 194, 13, 12, 2),
(196, 195, 13, 12, 3),
(197, 196, 13, 12, 4),
(198, 197, 13, 12, 5),
(199, 198, 13, 12, 6),
(200, 199, 13, 12, 7),
(201, 200, 13, 12, 8),
(202, 201, 8, 11, 1),
(203, 202, 8, 11, 2),
(204, 203, 8, 11, 3),
(205, 204, 8, 11, 4),
(206, 205, 8, 11, 5),
(207, 206, 8, 11, 6),
(208, 207, 8, 11, 7),
(209, 208, 8, 11, 8),
(210, 209, 8, 11, 9),
(211, 210, 8, 11, 10),
(212, 211, 8, 11, 11),
(213, 212, 8, 11, 12),
(214, 213, 8, 11, 13),
(215, 214, 8, 11, 14),
(216, 215, 12, 10, 1),
(217, 216, 12, 10, 2),
(218, 217, 12, 10, 3),
(219, 218, 12, 10, 4),
(220, 219, 12, 10, 5),
(221, 220, 12, 10, 6),
(222, 221, 12, 10, 7),
(223, 222, 12, 10, 8),
(224, 223, 12, 10, 9),
(225, 224, 12, 10, 10),
(226, 225, 12, 10, 11),
(227, 226, 12, 10, 12),
(228, 227, 12, 10, 13),
(229, 228, 11, 9, 1),
(230, 229, 11, 9, 2),
(231, 230, 11, 9, 3),
(232, 231, 11, 9, 4),
(233, 232, 11, 9, 5),
(234, 233, 11, 9, 6),
(235, 234, 11, 9, 7),
(236, 235, 11, 9, 8),
(237, 236, 11, 9, 9),
(238, 237, 11, 9, 10),
(239, 238, 11, 9, 11),
(240, 239, 11, 9, 12),
(241, 240, 11, 9, 13),
(242, 241, 11, 9, 14),
(243, 242, 9, 8, 1),
(244, 243, 9, 8, 2),
(245, 244, 9, 8, 3),
(246, 245, 9, 8, 4),
(247, 246, 9, 8, 5),
(248, 247, 9, 8, 6),
(249, 248, 9, 8, 7),
(250, 249, 9, 8, 8),
(251, 250, 9, 8, 9),
(252, 251, 7, 7, 1),
(253, 252, 7, 7, 2),
(254, 253, 7, 7, 3),
(255, 254, 7, 7, 4),
(256, 255, 7, 7, 5),
(257, 256, 7, 7, 6),
(258, 257, 7, 7, 7),
(259, 258, 7, 7, 8),
(260, 259, 7, 7, 9),
(261, 260, 7, 7, 10),
(262, 261, 7, 7, 11),
(263, 262, 7, 7, 12),
(264, 263, 7, 7, 13),
(265, 264, 7, 7, 14),
(266, 265, 7, 7, 15),
(267, 266, 6, 6, 1),
(268, 267, 6, 6, 2),
(269, 268, 6, 6, 3),
(270, 269, 6, 6, 4),
(271, 270, 6, 6, 5),
(272, 271, 6, 6, 6),
(273, 272, 6, 6, 7),
(274, 273, 6, 6, 8),
(275, 274, 6, 6, 9),
(276, 275, 6, 6, 10),
(277, 276, 6, 6, 11),
(278, 277, 6, 6, 12),
(279, 278, 6, 6, 13),
(280, 279, 6, 6, 14),
(281, 280, 6, 6, 15),
(282, 281, 5, 5, 1),
(283, 282, 5, 5, 2),
(284, 283, 5, 5, 3),
(285, 284, 5, 5, 4),
(286, 285, 5, 5, 5),
(287, 286, 5, 5, 6),
(288, 287, 5, 5, 7),
(289, 288, 5, 5, 8),
(290, 289, 5, 5, 9),
(291, 290, 5, 5, 10),
(292, 291, 5, 5, 11),
(293, 292, 5, 5, 12),
(294, 293, 4, 4, 1),
(295, 294, 4, 4, 2),
(296, 295, 4, 4, 3),
(297, 296, 4, 4, 4),
(298, 297, 4, 4, 5),
(299, 298, 4, 4, 6),
(300, 299, 4, 4, 7),
(301, 300, 4, 4, 8),
(302, 301, 4, 4, 9),
(303, 302, 4, 4, 10),
(304, 303, 4, 4, 11),
(305, 304, 4, 4, 12),
(306, 305, 3, 3, 1),
(307, 306, 3, 3, 2),
(308, 307, 3, 3, 3),
(309, 308, 3, 3, 4),
(310, 309, 3, 3, 5),
(311, 310, 3, 3, 6),
(312, 311, 3, 3, 7),
(313, 312, 3, 3, 8),
(314, 313, 3, 3, 9),
(315, 314, 3, 3, 10),
(316, 315, 2, 2, 1),
(317, 316, 2, 2, 2),
(318, 317, 2, 2, 3),
(319, 318, 2, 2, 4),
(320, 319, 2, 2, 5),
(321, 320, 2, 2, 6),
(322, 321, 2, 2, 7),
(323, 322, 2, 2, 8),
(324, 323, 2, 2, 9),
(325, 324, 2, 2, 10),
(326, 325, 2, 2, 11),
(327, 326, 2, 2, 12),
(328, 327, 1, 1, 1),
(329, 328, 1, 1, 2),
(330, 329, 1, 1, 3),
(331, 330, 1, 1, 4),
(332, 331, 1, 1, 5),
(333, 332, 1, 1, 6),
(334, 333, 1, 1, 7),
(335, 334, 1, 1, 8),
(336, 335, 1, 1, 9),
(337, 336, 1, 1, 10),
(338, 337, 27, 29, 1),
(339, 338, 27, 29, 2),
(340, 339, 27, 29, 3),
(341, 340, 27, 29, 4),
(342, 341, 27, 29, 5),
(343, 342, 27, 29, 6),
(344, 343, 27, 29, 7),
(345, 344, 27, 29, 8),
(346, 345, 27, 29, 9),
(347, 346, 27, 29, 10),
(348, 347, 27, 29, 11),
(349, 348, 27, 29, 12),
(350, 349, 27, 30, 1),
(351, 350, 27, 30, 2),
(352, 351, 27, 30, 3),
(353, 352, 27, 30, 4),
(354, 353, 27, 30, 5),
(355, 354, 27, 30, 6),
(356, 355, 27, 30, 7),
(357, 356, 27, 30, 8),
(358, 357, 27, 30, 9),
(359, 358, 27, 30, 10),
(360, 359, 27, 30, 11),
(361, 360, 27, 30, 12),
(362, 361, 27, 30, 13),
(363, 362, 27, 30, 14),
(364, 363, 27, 30, 15),
(365, 364, 27, 30, 16),
(366, 365, 27, 30, 17),
(367, 366, 27, 30, 18);

#
# Dumping data for table `venues`
#

INSERT INTO `venues` (`venue_id`, `venue_name`, `capacity`, `seating_type_id`, `venue_street_1`, `venue_street_2`, `venue_city`, `state_id`, `venue_zip`) VALUES (1, 'Big Arena', 5000, 1, '1234 Some Street',  NULL, 'New York', 33, '10059'),
(2, 'Small Venue', 200, 1, '5436 My Street', 'Bldg #2', 'San Francisco', 5, '90051'),
(3, 'Upstairs Café', 25, 2, '8576 Mill Ave', '2nd Floor', 'Tempe', 3, '85282'),
(4, 'Blue Moon Ballroom', 575, 2, '325 Buccaneer Pike',  NULL, 'Nashville', 43, '37504'),
(5, 'Motor City Arena', 4500, 1, '3200 Motor City Mile',  NULL, 'Detroit', 23, '49626');

